INSERT INTO users
    (id, code,email,is_moderator,name,password,photo,reg_time)
VALUES
    (1, NULL,'moderator@yandex.com',1,'moderator','$2y$12$U1iiwsCbRoJ2E.zzBaep3OdkzHC.4gDsdM6sTdRtDJdVPm8lJw52W',NULL,'2020-11-11 00:00:00'),
    (2, 'PPLT0ZQFxyoL9TIRO38C2PJYt0QzCnm74IYKbVuuGS6A8','user@yandex.com',0,'user1','$2y$12$U1iiwsCbRoJ2E.zzBaep3OdkzHC.4gDsdM6sTdRtDJdVPm8lJw52W','/Users/a17883021/Documents/обучение/diplom/upload-dir/9fbc0045-9a23-4b74-83c7-76dc58889be0.png','2020-11-11 00:00:00'),
    (3, NULL,'user1@yandex.com',0,'user1','$2y$12$U1iiwsCbRoJ2E.zzBaep3OdkzHC.4gDsdM6sTdRtDJdVPm8lJw52W',NULL,'2020-11-11 00:00:00'),
    (4, NULL,'konstantin@mail.ru',1,'Константин','$2y$12$U1iiwsCbRoJ2E.zzBaep3OdkzHC.4gDsdM6sTdRtDJdVPm8lJw52W',NULL,'2021-03-20 12:58:36.991000000'),
    (5, '3zpm4EZBnopl1gXQccGGlQoyjyooLvDlehdEfQxAqRjDO','osipyan.harry@yandex.ru',0,'osipyan.harry','$2a$12$Gpzb9p0Bf9vmYBpK/bQB4ey5i7hrVGOlZ3PCKDYCmrp5JqdJEOEhK',NULL,'2020-11-11 00:00:00');

INSERT INTO posts
    (id, is_active,moderation_status,`text`,`time`,title,view_count,moderator_id,user_id)
VALUES
    (1, 1,'ACCEPTED','текст поста №1','2021-11-11 11:30:00','тестовый пост 1',0,4,2),
    (2, 1,'ACCEPTED','текст поста №2','2019-11-11 11:30:00','тестовый пост 2',0,1,2),
    (3, 1,'ACCEPTED','текст постатекст постатекст постатекст постатекст постатекст постатекст постатекст постатекст постатекст постатекст постатекст постатекст постатекст постатекст постатекст постатекст постатекст постатекст постатекст постатекст постатекст постатекст постатекст постатекст постатекст поста','2020-11-12 11:30:00','тестовый пост',11,1,2),
    (4, 0,'NEW','Текст поста Текст поста Текст поста Текст поста Текст поста Текст поста Текст поста Текст поста Текст поста Текст поста Текст поста Текст поста Текст поста Текст поста Текст поста Текст поста Текст поста Текст поста Текст поста Текст поста Текст поста Текст поста Текст поста Текст поста Текст поста Текст поста Текст поста Текст поста Текст поста <br>','1970-01-01 00:00:00','Заголовок',0,NULL,2),
    (5, 1,'ACCEPTED','текст поста №5','2012-11-11 11:30:00','тестовый пост 5',5,1,2),
    (6, 1,'ACCEPTED','текст поста №6','2020-11-11 11:30:00','6',0,1,2),
    (7, 1,'ACCEPTED','текст поста №7','2020-10-11 11:30:00','тестовый пост 7',10,1,3),
    (8, 1,'ACCEPTED','текст поста №8','2020-11-11 11:30:00','тестовый пост 8',0,1,3),
    (9, 1,'ACCEPTED','текст поста №9','2012-11-11 11:30:00','тестовый пост 9',0,1,3),
    (10, 1,'ACCEPTED','текст поста №10','2011-11-11 11:30:00','тестовый пост 10',0,1,3),
    (11, 1,'ACCEPTED','текст поста №11','2020-11-11 11:30:00','тестовый пост 11',0,1,2),
    (12, 1,'ACCEPTED','текст поста №12','2021-11-11 12:30:00','тестовый пост 12',0,4,2),
    (13, 1,'ACCEPTED','текст поста №13','2021-11-11 11:30:00','тестовый пост 13',0,4,3),
    (14, 1,'DECLINED','текст поста №14','2020-11-11 11:30:00','тестовый пост 14',0,1,2),
    (15, 1,'NEW','текст поста №15','2020-11-11 11:30:00','тестовый пост 15',0,NULL,2),
    (16, 1,'NEW','текст поста №16','2020-11-11 11:30:00','тестовый пост 16',0,NULL,2),
    (17, 1,'ACCEPTED','Текст поста 17 включащий Текст постаТекст постаТекст постаТекст постаТекст постаТекст постаТекст постаТекст постаТекст постаТекст постаТекст постаТекст постаТекст постаТекст постаТекст постаТекст постаТекст постаТекст постаТекст постаТекст постаТекст постаТекст постаТекст постаТекст постаТекст постаТекст постаТекст постаТекст постаТекст постаТекст постаТекст поста</b>','2021-03-24 18:20:04.801000000','заголовок 17',12,1,2),
    (18, 1,'ACCEPTED','текст поста №18','2021-11-11 11:30:00','тестовый пост 18',0,4,2),
    (19, 1,'ACCEPTED','текст поста №19','2019-11-11 11:30:00','тестовый пост 19',0,1,2),
    (20, 1,'ACCEPTED','текст20 постатекст постатекст постатекст постатекст постатекст постатекст постатекст постатекст постатекст постатекст постатекст постатекст постатекст постатекст постатекст постатекст постатекст постатекст постатекст постатекст постатекст постатекст постатекст постатекст постатекст поста','2020-11-12 11:30:00','тестовый пост20',11,1,2),
    (21, 0,'NEW','Текст поста 21Текст поста Текст поста Текст поста Текст поста Текст поста Текст поста Текст поста Текст поста Текст поста Текст поста Текст поста Текст поста Текст поста Текст поста Текст поста Текст поста Текст поста Текст поста Текст поста Текст поста Текст поста Текст поста Текст поста Текст поста Текст поста Текст поста Текст поста Текст поста <br>','1970-01-01 00:00:00','Заголовок21',0,NULL,2),
    (22, 1,'ACCEPTED','текст поста №22','2012-11-11 11:30:00','тестовый пост 22',5,1,2),
    (23, 1,'ACCEPTED','текст поста №23','2020-11-11 11:30:00','23',0,1,2),
    (24, 1,'ACCEPTED','текст поста №24','2020-10-11 11:30:00','тестовый пост 24',10,1,3),
    (25, 1,'ACCEPTED','текст поста №25','2020-11-11 11:30:00','тестовый пост 25',0,1,3);

INSERT INTO post_votes
    (`time`,value,post_id,user_id)
VALUES
    ('2021-11-11 11:30:00',1,1,2),
    ('2021-11-11 11:30:00',1,1,2),
    ('2021-11-11 11:30:00',0,1,2),
    ('2021-11-11 11:30:00',0,2,4),
    ('2021-11-11 11:30:00',0,2,1),
    ('2016-11-11 11:30:00',1,7,1),
    ('2021-04-13 18:03:17.727000000',0,3,2),
    ('2021-04-13 18:17:09.426000000',0,4,2),
    ('2021-04-13 18:30:21.429000000',1,5,2),
    ('2021-04-22 15:46:36.464000000',0,17,2);

INSERT INTO tags
    (id, name)
VALUES
    (1, 'JS'),
    (2, 'Spring'),
    (3, 'Java'),
    (4, 'Test'),
    (5, 'Security'),
    (6, 'Tttag');

INSERT INTO tag2post
    (post_id,tag_id)
VALUES
    (1,1),
    (1,2),
    (2,3),
    (3,1),
    (4,5),
    (4,4),
    (4,6);

INSERT INTO post_comments
    (id, parent_id,`text`,`time`,post_id,user_id)
VALUES
    (1, NULL,'текс коммента 1','2020-11-11 11:50:00',1,3),
    (2, NULL,'текс коммента 2','2020-11-11 11:50:00',2,2),
    (3, NULL,'текс коммента 3','2021-03-28 11:22:16.063000000',3,2),
    (4, NULL,'текс коммента 4','2021-03-28 11:24:21.796000000',3,2),
    (5, NULL,'текс коммента 5','2021-03-28 12:02:40.992000000',3,2),
    (6, NULL,'текс коммента 6','2021-03-28 13:19:30.432000000',3,2),
    (7, 6,'текс коммента 7','2021-03-28 13:20:53.958000000',3,2),
    (8, NULL,'текс коммента 8','2021-04-22 15:46:55.921000000',17,2),
    (9, NULL,'текс коммента 9','2021-04-27 17:25:22.606000000',17,2);
